{
    "joint_stifness": 0.8,
    "chest_angle_bound_upper": -0.4,
    "chest_angle_bound_lower": 0.4,
    "fail_routine":"Retry",
    "exit_waittime": 0.0,
    "conditions": [],
    "keyframes": [
        {
            "duration": 0.6,
            "target_position": {
                "head_yaw": -0.004643917, 
                "head_pitch": 0.03984213,
                "left_shoulder_pitch": 1.650542, 
                "left_shoulder_roll": 0.7055981, 
                "left_elbow_yaw": -0.12736392, 
                "left_elbow_roll": -0.015298128, 
                "left_wrist_yaw": -1.62148, 
                "left_hip_yaw_pitch": 0.0015759468, 
                "left_hip_roll": -0.0030260086, 
                "left_hip_pitch": -0.33283615, 
                "left_knee_pitch": 0.9203582, 
                "left_ankle_pitch": -0.59369993, 
                "left_ankle_roll": -0.0030260086, 
                "right_shoulder_pitch": 2.0939522, 
                "right_shoulder_roll": 0.3374381, 
                "right_elbow_yaw": 0.022968054, 
                "right_elbow_roll": 0.018450022, 
                "right_wrist_yaw": -0.63205004,
                "right_hip_roll": 4.196167e-5, 
                "right_hip_pitch": -0.3267839, 
                "right_knee_pitch": 0.92657804, 
                "right_ankle_pitch": -0.58748007, 
                "right_ankle_roll": 4.196167e-5, 
                "left_hand": 0.01999998, 
                "right_hand": 0.020400047

            }
        }

    ]
}
