{
  "joint_stifness": 0.7,
  "chest_angle_bound_upper": 0.4,
  "chest_angle_bound_lower": -0.4,
  "fail_routine": "Retry",
  "conditions": [],
  "keyframes": [
    {
      "target_position": {
        "head_yaw": -0.013848066,
        "head_pitch": 0.08586216,
        "left_shoulder_pitch": 1.4910061,
        "left_shoulder_roll": 0.07972598,
        "left_elbow_yaw": 1.4097041,
        "left_elbow_roll": -0.06131792,
        "left_wrist_yaw": -1.7334619,
        "left_hip_yaw_pitch": -0.30829215,
        "left_hip_roll": 0.039926052,
        "left_hip_pitch": -0.569072,
        "left_knee_pitch": 2.141422,
        "left_ankle_pitch": -1.22264,
        "left_ankle_roll": 0.00004196167,
        "right_shoulder_pitch": 1.572392,
        "right_shoulder_roll": -0.06600404,
        "right_elbow_yaw": 0.04597807,
        "right_elbow_roll": 0.047595978,
        "right_wrist_yaw": 0.82525015,
        "right_hip_roll": 0.044528008,
        "right_hip_pitch": -0.56608796,
        "right_knee_pitch": 2.1276999,
        "right_ankle_pitch": -1.2148861,
        "right_ankle_roll": -0.08586216,
        "left_hand": 0.046000004,
        "right_hand": 0.18159997
      },
      "duration": 1.0
    },
    {
      "target_position": {
        "head_yaw": -0.012313843,
        "head_pitch": 0.08586216,
        "left_shoulder_pitch": 1.4910061,
        "left_shoulder_roll": 0.075124025,
        "left_elbow_yaw": 1.4081701,
        "left_elbow_roll": -0.06131792,
        "left_wrist_yaw": -1.7349958,
        "left_hip_yaw_pitch": -0.3128941,
        "left_hip_roll": 0.03685808,
        "left_hip_pitch": -0.596684,
        "left_knee_pitch": 2.141422,
        "left_ankle_pitch": -1.22264,
        "left_ankle_roll": -0.0014920235,
        "right_shoulder_pitch": 1.569324,
        "right_shoulder_roll": -1.2655921,
        "right_elbow_yaw": 0.050580025,
        "right_elbow_roll": 0.06753802,
        "right_wrist_yaw": 0.8574641,
        "right_hip_roll": 0.044528008,
        "right_hip_pitch": -0.5952339,
        "right_knee_pitch": 2.1276999,
        "right_ankle_pitch": -1.21642,
        "right_ankle_roll": -0.084327936,
        "left_hand": 0.046000004,
        "right_hand": 0.18159997
      },
      "duration": 1.0
    },
    {
      "target_position": {
        "head_yaw": -0.010779858,
        "head_pitch": 0.08586216,
        "left_shoulder_pitch": 1.4618601,
        "left_shoulder_roll": 0.09506607,
        "left_elbow_yaw": 1.4081701,
        "left_elbow_roll": -0.03984213,
        "left_wrist_yaw": -1.7303939,
        "left_hip_yaw_pitch": -0.31136012,
        "left_hip_roll": 0.03685808,
        "left_hip_pitch": -0.57981014,
        "left_knee_pitch": 2.141422,
        "left_ankle_pitch": -1.22264,
        "left_ankle_roll": 0.00004196167,
        "right_shoulder_pitch": 0.6750021,
        "right_shoulder_roll": -1.1858239,
        "right_elbow_yaw": 2.084664,
        "right_elbow_roll": 0.026119947,
        "right_wrist_yaw": 0.8774061,
        "right_hip_roll": 0.044528008,
        "right_hip_pitch": -0.57989407,
        "right_knee_pitch": 2.1276999,
        "right_ankle_pitch": -1.2148861,
        "right_ankle_roll": -0.08279395,
        "left_hand": 0.046000004,
        "right_hand": 0.18159997
      },
      "duration": 1.0
    },
    {
      "target_position": {
        "head_yaw": -0.0092458725,
        "head_pitch": 0.087396145,
        "left_shoulder_pitch": 1.5048121,
        "left_shoulder_roll": 0.068988085,
        "left_elbow_yaw": 1.4066361,
        "left_elbow_roll": -0.07359004,
        "left_wrist_yaw": -1.7349958,
        "left_hip_yaw_pitch": -0.31136012,
        "left_hip_roll": 0.038392067,
        "left_hip_pitch": -0.56600404,
        "left_knee_pitch": 2.141422,
        "left_ankle_pitch": -1.221106,
        "left_ankle_roll": -0.0014920235,
        "right_shoulder_pitch": 0.5983019,
        "right_shoulder_roll": -1.2594562,
        "right_elbow_yaw": 2.076994,
        "right_elbow_roll": 1.5478482,
        "right_wrist_yaw": 1.1519921,
        "right_hip_roll": 0.044528008,
        "right_hip_pitch": -0.56302,
        "right_knee_pitch": 2.1276999,
        "right_ankle_pitch": -1.2148861,
        "right_ankle_roll": -0.084327936,
        "left_hand": 0.046000004,
        "right_hand": 0.18159997
      },
      "duration": 1.0
    },
    {
      "target_position": {
        "head_yaw": 0.018366098,
        "head_pitch": 0.087396145,
        "left_shoulder_pitch": 1.5048121,
        "left_shoulder_roll": 0.07052207,
        "left_elbow_yaw": 1.4081701,
        "left_elbow_roll": -0.07359004,
        "left_wrist_yaw": -1.7349958,
        "left_hip_yaw_pitch": -0.31136012,
        "left_hip_roll": 0.039926052,
        "left_hip_pitch": -0.55066395,
        "left_knee_pitch": 2.142956,
        "left_ankle_pitch": -1.22264,
        "left_ankle_roll": 0.00004196167,
        "right_shoulder_pitch": 0.759372,
        "right_shoulder_roll": -1.273262,
        "right_elbow_yaw": 0.59515,
        "right_elbow_roll": 1.4435358,
        "right_wrist_yaw": 1.1535261,
        "right_hip_roll": 0.044528008,
        "right_hip_pitch": -0.5461459,
        "right_knee_pitch": 2.1276999,
        "right_ankle_pitch": -1.2133521,
        "right_ankle_roll": -0.084327936,
        "left_hand": 0.046000004,
        "right_hand": 0.18159997
      },
      "duration": 1.0
    },
    {
      "target_position": {
        "head_yaw": 0.019900084,
        "head_pitch": 0.087396145,
        "left_shoulder_pitch": 1.5094141,
        "left_shoulder_roll": 0.072056055,
        "left_elbow_yaw": 1.4081701,
        "left_elbow_roll": -0.07359004,
        "left_wrist_yaw": -1.7349958,
        "left_hip_yaw_pitch": -0.30982614,
        "left_hip_roll": 0.046061993,
        "left_hip_pitch": -0.5107801,
        "left_knee_pitch": 2.142956,
        "left_ankle_pitch": -1.221106,
        "left_ankle_roll": 0.0015759468,
        "right_shoulder_pitch": 0.7915859,
        "right_shoulder_roll": -1.2916698,
        "right_elbow_yaw": -1.0631042,
        "right_elbow_roll": 1.3484278,
        "right_wrist_yaw": 1.1504581,
        "right_hip_roll": 0.044528008,
        "right_hip_pitch": -0.5047281,
        "right_knee_pitch": 2.1261659,
        "right_ankle_pitch": -1.2133521,
        "right_ankle_roll": -0.08586216,
        "left_hand": 0.046000004,
        "right_hand": 0.18159997
      },
      "duration": 1.0
    },
    {
      "target_position": {
        "head_yaw": 0.0429101,
        "head_pitch": 0.087396145,
        "left_shoulder_pitch": 1.5109481,
        "left_shoulder_roll": 0.07052207,
        "left_elbow_yaw": 1.4081701,
        "left_elbow_roll": -0.07359004,
        "left_wrist_yaw": -1.7349958,
        "left_hip_yaw_pitch": -0.30982614,
        "left_hip_roll": 0.046061993,
        "left_hip_pitch": -0.51691604,
        "left_knee_pitch": 2.142956,
        "left_ankle_pitch": -1.22264,
        "left_ankle_roll": 0.004643917,
        "right_shoulder_pitch": 1.0462298,
        "right_shoulder_roll": -1.2471838,
        "right_elbow_yaw": -2.1399722,
        "right_elbow_roll": 1.520236,
        "right_wrist_yaw": 1.1519921,
        "right_hip_roll": 0.044528008,
        "right_hip_pitch": -0.512398,
        "right_knee_pitch": 2.1261659,
        "right_ankle_pitch": -1.2148861,
        "right_ankle_roll": -0.08586216,
        "left_hand": 0.046000004,
        "right_hand": 0.18159997
      },
      "duration": 1.0
    },
    {
      "target_position": {
        "head_yaw": 0.059783936,
        "head_pitch": 0.087396145,
        "left_shoulder_pitch": 1.5109481,
        "left_shoulder_roll": 0.068988085,
        "left_elbow_yaw": 1.4081701,
        "left_elbow_roll": -0.07359004,
        "left_wrist_yaw": -1.7349958,
        "left_hip_yaw_pitch": -0.31136012,
        "left_hip_roll": 0.042994022,
        "left_hip_pitch": -0.567538,
        "left_knee_pitch": 2.142956,
        "left_ankle_pitch": -1.22264,
        "left_ankle_roll": 0.0015759468,