{
  "joint_stifness": 0.7,
  "chest_angle_bound_upper": 0.4,
  "chest_angle_bound_lower": -0.4,
  "fail_routine": "Retry",
  "conditions": [],
  "keyframes": [
    {
      "target_position": {
        "head_yaw": 0.03063798,
        "head_pitch": 0.21011615,
        "left_shoulder_pitch": 1.696562,
        "left_shoulder_roll": 0.096600056,
        "left_elbow_yaw": -0.13196588,
        "left_elbow_roll": -0.0429101,
        "left_wrist_yaw": -1.8485122,
        "left_hip_yaw_pitch": 0.041460037,
        "left_hip_roll": 0.03532386,
        "left_hip_pitch": 0.11509204,
        "left_knee_pitch": -0.026119947,
        "left_ankle_pitch": -0.24854994,
        "left_ankle_roll": 0.07213998,
        "right_shoulder_pitch": 1.7349958,
        "right_shoulder_roll": -0.1288979,
        "right_elbow_yaw": 0.496974,
        "right_elbow_roll": 0.095149994,
        "right_wrist_yaw": 0.87587214,
        "right_hip_roll": 0.09054804,
        "right_hip_pitch": 0.14722204,
        "right_knee_pitch": -0.102735996,
        "right_ankle_pitch": -0.12728,
        "right_ankle_roll": -0.068988085,
        "left_hand": 0.04120004,
        "right_hand": 0.20560002
      },
      "duration": 1.0
    },
    {
      "target_position": {
        "head_yaw": 0.059783936,
        "head_pitch": 0.20551395,
        "left_shoulder_pitch": 0.12114406,
        "left_shoulder_roll": -0.15037394,
        "left_elbow_yaw": -0.14730597,
        "left_elbow_roll": -0.23312616,
        "left_wrist_yaw": -1.8469782,
        "left_hip_yaw_pitch": 0.06447005,
        "left_hip_roll": 0.032255888,
        "left_hip_pitch": -1.5170841,
        "left_knee_pitch": -0.11509204,
        "left_ankle_pitch": -0.25775385,
        "left_ankle_roll": 0.07213998,
        "right_shoulder_pitch": 0.36360002,
        "right_shoulder_roll": -0.20713186,
        "right_elbow_yaw": 0.50157595,
        "right_elbow_roll": 0.7225559,
        "right_wrist_yaw": 0.87280416,
        "right_hip_roll": 0.08594608,
        "right_hip_pitch": -1.5141001,
        "right_knee_pitch": -0.10887194,
        "right_ankle_pitch": -0.151824,
        "right_ankle_roll": -0.050580025,
        "left_hand": 0.04120004,
        "right_hand": 0.20560002
      },
      "duration": 1.0
    },
    {
      "target_position": {
        "head_yaw": 0.26994205,
        "head_pitch": 0.21318412,
        "left_shoulder_pitch": 0.2147181,
        "left_shoulder_roll": 0.10426998,
        "left_elbow_yaw": -0.19179201,
        "left_elbow_roll": -0.17176604,
        "left_wrist_yaw": -1.626082,
        "left_hip_yaw_pitch": 0.03532386,
        "left_hip_roll": 0.029187918,
        "left_hip_pitch": -0.62276196,
        "left_knee_pitch": -0.08594608,
        "left_ankle_pitch": -0.34059,
        "left_ankle_roll": 0.082877874,
        "right_shoulder_pitch": 0.23627806,
        "right_shoulder_roll": 0.13801813,
        "right_elbow_yaw": 0.018366098,
        "right_elbow_roll": 0.046061993,
        "right_wrist_yaw": 0.83752203,
        "right_hip_roll": 0.09054804,
        "right_hip_pitch": -0.6750021,
        "right_knee_pitch": -0.084327936,
        "right_ankle_pitch": -0.2653401,
        "right_ankle_roll": -0.053647995,
        "left_hand": 0.04120004,
        "right_hand": 0.20560002
      },
      "duration": 0.25
    },
    {
      "target_position": {
        "head_yaw": 0.26994205,
        "head_pitch": 0.21165013,
        "left_shoulder_pitch": 0.2147181,
        "left_shoulder_roll": 0.13648415,
        "left_elbow_yaw": -0.19179201,
        "left_elbow_roll": -0.225456,
        "left_wrist_yaw": -1.626082,
        "left_hip_yaw_pitch": 0.03532386,
        "left_hip_roll": 0.029187918,
        "left_hip_pitch": -0.62276196,
        "left_knee_pitch": -0.08748007,
        "left_ankle_pitch": -0.34059,
        "left_ankle_roll": 0.082877874,
        "right_shoulder_pitch": 0.23627806,
        "right_shoulder_roll": 0.13955212,
        "right_elbow_yaw": 0.018366098,
        "right_elbow_roll": 0.046061993,
        "right_wrist_yaw": 0.83752203,
        "right_hip_roll": 0.09054804,
        "right_hip_pitch": -0.6750021,
        "right_knee_pitch": -0.084327936,
        "right_ankle_pitch": -0.2653401,
        "right_ankle_roll": -0.053647995,
        "left_hand": 0.04120004,
        "right_hand": 0.20560002
      },
      "duration": 1.0
    }
  ]
}