{
    "joint_stifness": -1.0,
    "chest_angle_bound_upper": 0.4,
    "chest_angle_bound_lower": -0.4,
    "exit_waittime": 0.0,
    "fail_routine": "Retry",
    "conditions": [],
    "keyframes": [
      {
        "duration": 0.3,
        "target_position": {
            "head_yaw": 0.038308143615722656,
            "head_pitch": 0.5,
            "left_shoulder_pitch": 2.0984702110290527,
            "left_shoulder_roll": -0.23627805709838867,
            "left_elbow_yaw": -1.6751699447631836,
            "left_elbow_roll": -0.269942045211792,
            "left_wrist_yaw": -1.5739259719848633,
            "left_hand": 0.003999948501586914,
            "right_shoulder_pitch": 0.9327139854431152,
            "right_shoulder_roll": -0.7363619804382324,
            "right_elbow_yaw": 1.7379801273345947,
            "right_elbow_roll": 0.13963603973388672,
            "right_wrist_yaw": 1.575376033782959,
            "right_hand": 0.010400056838989258,
            "left_hip_yaw_pitch": -1.2332940101623535,
            "left_hip_roll": 0.4725139141082764,
            "left_hip_pitch": -1.4480540752410889,
            "left_knee_pitch": 2.152160167694092,
            "left_ankle_pitch": -0.31297802925109863,
            "left_ankle_roll": -0.15949392318725586,
            "right_hip_yaw_pitch": -1.2332940101623535,
            "right_hip_roll": -0.2561359405517578,
            "right_hip_pitch": -0.6550600528717041,
            "right_knee_pitch": 1.0078802108764648,
            "right_ankle_pitch": 0.4709799289703369,
            "right_ankle_roll": 0.2086658477783203
        }
    }
    ]
  }