{
    "joint_stifness": 0.8,
    "chest_angle_bound_upper": -0.4,
    "chest_angle_bound_lower": 0.4,
    "fail_routine":"Retry",
    "exit_waittime": 0.1,
    "conditions": [],
    "keyframes": [
        {
            "duration": 0.4,
            "target_position": {
                "head_yaw": 0.0,
                "head_pitch": 0.3839724354387525,
                "left_shoulder_pitch": 1.918992042541504,
                "left_shoulder_roll": 0.12421202659606934,
                "left_elbow_yaw": 0.20244598388671875,
                "left_elbow_roll": -1.2578380107879639,
                "left_wrist_yaw": -0.052197933197021484,
                "left_hand": 0.0,
                "right_shoulder_pitch": 1.9620280265808105,
                "right_shoulder_roll": -0.26695799827575684,
                "right_elbow_yaw": -0.14883995056152344,
                "right_elbow_roll": 1.376039981842041,
                "right_wrist_yaw": 0.056715965270996094,
                "right_hand": 0.0,
                "left_hip_yaw_pitch": 0.0,
                "left_hip_roll": 0.22689280275926282,
                "left_hip_pitch": -0.2792526803190927,
                "left_knee_pitch": -0.08726646259971647,
                "left_ankle_pitch": 1.0471975511965976,
                "left_ankle_roll": 0.08726646259971647,
                "right_hip_yaw_pitch": 0.0,
                "right_hip_roll": -0.22689280275926282,
                "right_hip_pitch": -0.2792526803190927,
                "right_knee_pitch": -0.08726646259971647,
                "right_ankle_pitch": 1.0471975511965976,
                "right_ankle_roll": -0.08726646259971647
            }
        },
        {
            "duration": 0.5,
            "target_position": {
                "head_yaw": 0.0,
                "head_pitch": 0.3839724354387525,
                "left_shoulder_pitch": 1.918992042541504,
                "left_shoulder_roll": 0.12421202659606934,
                "left_elbow_yaw": 0.20244598388671875,
                "left_elbow_roll": -1.2578380107879639,
                "left_wrist_yaw": -0.052197933197021484,
                "left_hand": 0.0,
                "right_shoulder_pitch": 1.9620280265808105,
                "right_shoulder_roll": -0.26695799827575684,
                "right_elbow_yaw": -0.14883995056152344,
                "right_elbow_roll": 1.376039981842041,
                "right_wrist_yaw": 0.056715965270996094,
                "right_hand": 0.0,
                "left_hip_yaw_pitch": 0.0,
                "left_hip_roll": 0.0,
                "left_hip_pitch": -1.3962634015954636,
                "left_knee_pitch": -0.08726646259971647,
                "left_ankle_pitch": 0.0,
                "left_ankle_roll": 0.0,
                "right_hip_yaw_pitch": 0.0,
                "right_hip_roll": 0.0,
                "right_hip_pitch": -1.3962634015954636,
                "right_knee_pitch": -0.08726646259971647,
                "right_ankle_pitch": 0.0,
                "right_ankle_roll": 0.0
            }
        },
        {
            "duration": 0.2,
            "target_position": {
                "head_yaw": 0.0,
                "head_pitch": 0.3839724354387525,
                "left_shoulder_pitch": 2.0943951023931953,
                "left_shoulder_roll": 0.08726646259971647,
                "left_elbow_yaw": -1.2217304763960306,
                "left_elbow_roll": 0.03490658503988659,
                "left_wrist_yaw": -1.5707963267948966,
                "left_hand": 0.0,
                "right_shoulder_pitch": 2.0943951023931953,
                "right_shoulder_roll": -0.08726646259971647,
                "right_elbow_yaw": 1.2217304763960306,
                "right_elbow_roll": -0.03490658503988659,
                "right_wrist_yaw": 1.5707963267948966,
                "right_hand": 0.0,
                "left_hip_yaw_pitch": -0.9599310885968813,
                "left_hip_roll": 0.2617993877991494,
                "left_hip_pitch": -0.8726646259971648,
                "left_knee_pitch": -0.08726646259971647,
                "left_ankle_pitch": 0.17453292519943295,
                "left_ankle_roll": -0.17453292519943295,
                "right_hip_yaw_pitch": -0.9599310885968813,
                "right_hip_roll": -0.2617993877991494,
                "right_hip_pitch": -0.8726646259971648,
                "right_knee_pitch": -0.08726646259971647,
                "right_ankle_pitch": 0.17453292519943295,
                "right_ankle_roll": 0.17453292519943295
            }
        },
        {
            "duration": 0.3,
            "target_position": {
                "head_yaw": 0.0,
                "head_pitch": 0.3839724354387525,
                "left_shoulder_pitch": 2.0943951023931953,
                "left_shoulder_roll": -0.08726646259971647,
                "left_elbow_yaw": -1.48352986419518,
                "left_elbow_roll": -0.33161255787892263,
                "left_wrist_yaw": -1.5707963267948966,
                "left_hand": 0.0,
                "right_shoulder_pitch": 2.111848394913139,
                "right_shoulder_roll": -0.017453292519943295,
                "right_elbow_yaw": 1.5184364492350666,
                "right_elbow_roll": -0.3839724354387525,
                "right_wrist_yaw": 1.5707963267948966,
                "right_hand": 0.0,
                "left_hip_yaw_pitch": -1.1344640137963142,
                "left_hip_roll": 0.7330382858376184,
                "left_hip_pitch": -1.3962634015954636,
                "left_knee_pitch": 1.335176877775662,
                "left_ankle_pitch": 0.8552113334772213,
                "left_ankle_roll": -0.12217304763960307,
                "right_hip_yaw_pitch": -1.1344640137963142,
                "right_hip_roll": -0.5672320068981571,
                "right_hip_pitch": -1.4660765716752369,
                "right_knee_pitch": 1.4311699866353502,
                "right_ankle_pitch": 0.8203047484373349,
                "right_ankle_roll": 0.017453292519943295
            }
        }
    ]
}