{
    "joint_stifness": 0.8,
    "chest_angle_bound_upper": -0.4,
    "chest_angle_bound_lower": 0.4,
    "exit_waittime": 0.0,
    "fail_routine":"Retry",
    "conditions": [],
    "keyframes": [
        {
            "duration": 1.5,
            "target_position": {
                "head_yaw": 0.13034796714782715,
                "head_pitch": 0.0030260086059570312,
                "left_shoulder_pitch": 1.59838604927063,
                "left_shoulder_roll": 0.21011614799499512,
                "left_elbow_yaw": -1.455808162689209,
                "left_elbow_roll": -0.22238802909851071,
                "left_wrist_yaw": -1.5585861206054688,
                "left_hand": 0.003999948501586914,
                "right_shoulder_pitch": 1.517168045043945,
                "right_shoulder_roll": -0.17184996604919434,
                "right_elbow_yaw": 1.7671260833740234,
                "right_elbow_roll": 0.107421875,
                "right_wrist_yaw": 1.5615700483322144,
                "right_hand": 0.010400056838989258,
                "left_hip_yaw_pitch": -0.13955211639404297,
                "left_hip_roll": -0.1318819522857666,
                "left_hip_pitch": -1.081428050994873,
                "left_knee_pitch": 2.1552281379699707,
                "left_ankle_pitch": -0.9833359718322754,
                "left_ankle_roll": 0.12122797966003418,
                "right_hip_yaw_pitch": -0.13955211639404297,
                "right_hip_roll": 0.1565098762512207,
                "right_hip_pitch": -0.9664621353149414,
                "right_knee_pitch": 2.1491761207580566,
                "right_ankle_pitch": -1.0890979766845703,
                "right_ankle_roll": -0.14415407180786133
            }
        }
    ]
}