{
    "joint_stifness": 0.8,
    "chest_angle_bound_upper": -0.4,
    "chest_angle_bound_lower": 0.4,
    "exit_waittime": 0.0,
    "fail_routine":"Retry",
    "conditions": [],
    "keyframes": [
        {
            "duration": 0.6,
            "target_position": {
                "head_yaw": 0.08432793617248535,
                "head_pitch": 0.5,
                "left_shoulder_pitch": 1.7517861127853394,
                "left_shoulder_roll": 0.32056403160095215,
                "left_elbow_yaw": -1.4711480140686035,
                "left_elbow_roll": -0.2668740749359131,
                "left_wrist_yaw": -1.5601201057434082,
                "left_hand": 0.003600001335144043,
                "right_shoulder_pitch": 1.0201520919799805,
                "right_shoulder_roll": -0.35899806022644043,
                "right_elbow_yaw": 1.7241740226745603,
                "right_elbow_roll": 0.11816000938415527,
                "right_wrist_yaw": 1.5738420486450195,
                "right_hand": 0.010400056838989258,
                "left_hip_yaw_pitch": -1.1289820671081543,
                "left_hip_roll": 0.06753802299499512,
                "left_hip_pitch": -0.5521979331970215,
                "left_knee_pitch": 2.15676212310791,
                "left_ankle_pitch": -1.0032777786254885,
                "left_ankle_roll": 0.17184996604919434,
                "right_hip_yaw_pitch": -1.1289820671081543,
                "right_hip_roll": -0.2592041492462158,
                "right_hip_pitch": -0.33138608932495117,
                "right_knee_pitch": -0.10426998138427734,
                "right_ankle_pitch": 1.0937838554382324,
                "right_ankle_roll": 0.07060599327087402
            }
        },
        {
            "duration": 0.2,
            "target_position": {
                "head_yaw": 0.2469320297241211,
                "head_pitch": 0.5,
                "left_shoulder_pitch": 1.7149701118469238,
                "left_shoulder_roll": 0.3895940780639648,
                "left_elbow_yaw": -1.4834198951721191,
                "left_elbow_roll": -0.2668740749359131,
                "left_wrist_yaw": -1.5723919868469238,
                "left_hand": 0.003600001335144043,
                "right_shoulder_pitch": 1.1075901985168457,
                "right_shoulder_roll": -0.49552392959594727,
                "right_elbow_yaw": 1.722640037536621,
                "right_elbow_roll": 0.0614018440246582,
                "right_wrist_yaw": 1.5431621074676514,
                "right_hand": 0.010400056838989258,
                "left_hip_yaw_pitch": -1.1320500373840332,
                "left_hip_roll": 0.05526590347290039,
                "left_hip_pitch": -0.5629360675811768,
                "left_knee_pitch": 2.15676212310791,
                "left_ankle_pitch": -1.015550136566162,
                "left_ankle_roll": 0.17491793632507324,
                "right_hip_yaw_pitch": -1.1320500373840332,
                "right_hip_roll": -0.24846601486206055,
                "right_hip_pitch": -0.35132789611816406,
                "right_knee_pitch": -0.11040592193603516,
                "right_ankle_pitch": 1.095317840576172,
                "right_ankle_roll": 0.07213997840881348
            }
        },
        {
            "duration": 0.8,
            "target_position": {
                "head_yaw": 0.3742539882659912,
                "head_pitch": 0.2746279239654541,
                "left_shoulder_pitch": 1.552366018295288,
                "left_shoulder_roll": 0.27147603034973145,
                "left_elbow_yaw": -1.4849538803100586,
                "left_elbow_roll": -0.09966802597045898,
                "left_wrist_yaw": -1.569324016571045,
                "left_hand": 0.031200051307678223,
                "right_shoulder_pitch": 1.790219783782959,
                "right_shoulder_roll": 0.01222991943359375,
                "right_elbow_yaw": 1.7886021137237549,
                "right_elbow_roll": 0.11816000938415527,
                "right_wrist_yaw": 1.5830460786819458,
                "right_hand": 0.03320002555847168,
                "left_hip_yaw_pitch": -0.817579984664917,
                "left_hip_roll": 0.18412208557128903,
                "left_hip_pitch": -0.7562201023101807,
                "left_knee_pitch": 2.124547958374023,
                "left_ankle_pitch": -1.0048117637634275,
                "left_ankle_roll": 0.14117002487182617,
                "right_hip_yaw_pitch": -0.817579984664917,
                "right_hip_roll": 0.11816000938415527,
                "right_hip_pitch": -0.6872739791870117,
                "right_knee_pitch": 1.716588020324707,
                "right_ankle_pitch": -0.38652610778808594,
                "right_ankle_roll": 0.02151799201965332
            }
        }
    ]
}