{
    "joint_stifness": 0.7,
    "chest_angle_bound_upper": -0.4,
    "chest_angle_bound_lower": 0.4,
    "fail_routine":"Retry",
    "conditions": [],
    "keyframes": [
        {
        "duration": 1.0,
        "target_position": {
            "head_yaw": -0.042994022, 
            "head_pitch": 0.5123141, 
            "left_shoulder_pitch": 1.6029881, 
            "left_shoulder_roll": 0.03063798, 
            "left_elbow_yaw": 1.4419181, 
            "left_elbow_roll": -0.041376114, 
            "left_wrist_yaw": -1.7027822, 
            "left_hip_yaw_pitch": -0.050580025, 
            "left_hip_roll": -0.050580025, 
            "left_hip_pitch": -0.13648415, 
            "left_knee_pitch": 0.9264941, 
            "left_ankle_pitch": -0.661196, 
            "left_ankle_roll": 0.003109932, 
            "right_shoulder_pitch": 1.624548, 
            "right_shoulder_roll": -0.06293607, 
            "right_elbow_yaw": -1.035492, 
            "right_elbow_roll": 0.101285934, 
            "right_wrist_yaw": 0.9541061, 
            "right_hip_roll": 0.044528008, 
            "right_hip_pitch": 0.026036024, 
            "right_knee_pitch": 0.50165987, 
            "right_ankle_pitch": -0.55219793, 
            "right_ankle_roll": -0.03063798, 
            "left_hand": 0.04519999, 
            "right_hand": 0.18400002
        }
        },
        {
        "duration": 1.0,
        "target_position": {
            "head_yaw": -0.042994022, 
            "head_pitch": 0.5123141, 
            "left_shoulder_pitch": 1.6060561, 
            "left_shoulder_roll": 0.03063798, 
            "left_elbow_yaw": 1.4434521, 
            "left_elbow_roll": -0.04597807, 
            "left_wrist_yaw": -1.7027822, 
            "left_hip_yaw_pitch": -0.044444084, 
            "left_hip_roll": -0.050580025, 
            "left_hip_pitch": -0.11040592, 
            "left_knee_pitch": 0.9264941, 
            "left_ankle_pitch": -0.661196, 
            "left_ankle_roll": 0.003109932, 
            "right_shoulder_pitch": 0.44183397, 
            "right_shoulder_roll": -0.023051977, 
            "right_elbow_yaw": -1.03089, 
            "right_elbow_roll": 0.044528008, 
            "right_wrist_yaw": 0.97098017, 
            "right_hip_roll": 0.044528008, 
            "right_hip_pitch": 0.03063798, 
            "right_knee_pitch": 0.54154396, 
            "right_ankle_pitch": -0.55219793, 
            "right_ankle_roll": -0.03063798, 
            "left_hand": 0.04519999, 
            "right_hand": 0.18400002
        }
        },
        {
        "duration": 1.0,
        "target_position": {
            "head_yaw": -0.042994022, 
            "head_pitch": 0.5123141, 
            "left_shoulder_pitch": 1.6029881, 
            "left_shoulder_roll": 0.03063798, 
            "left_elbow_yaw": 1.4419181, 
            "left_elbow_roll": -0.041376114, 
            "left_wrist_yaw": -1.7027822, 
            "left_hip_yaw_pitch": -0.050580025, 
            "left_hip_roll": -0.050580025, 
            "left_hip_pitch": -0.13648415, 
            "left_knee_pitch": 0.9264941, 
            "left_ankle_pitch": -0.661196, 
            "left_ankle_roll": 0.003109932, 
            "right_shoulder_pitch": 1.624548, 
            "right_shoulder_roll": -0.06293607, 
            "right_elbow_yaw": -1.035492, 
            "right_elbow_roll": 0.101285934, 
            "right_wrist_yaw": 0.9541061, 
            "right_hip_roll": 0.044528008, 
            "right_hip_pitch": 0.026036024, 
            "right_knee_pitch": 0.50165987, 
            "right_ankle_pitch": -0.55219793, 
            "right_ankle_roll": -0.03063798, 
            "left_hand": 0.04519999, 
            "right_hand": 0.18400002
        }
        },
        {
        "duration": 1.0,
        "target_position": {
            "head_yaw": -0.041460037, 
            "head_pitch": 0.5107801, 
            "left_shoulder_pitch": 0.50464416, 
            "left_shoulder_roll": 0.05518198, 
            "left_elbow_yaw": 1.4419181, 
            "left_elbow_roll": -0.019900084, 
            "left_wrist_yaw": -1.6966462, 
            "left_hip_yaw_pitch": -0.026036024, 
            "left_hip_roll": -0.05518198, 
            "left_hip_pitch": -0.07052207, 
            "left_knee_pitch": 0.92496014, 
            "left_ankle_pitch": -0.661196, 
            "left_ankle_roll": 0.003109932, 
            "right_shoulder_pitch": 1.7058501, 
            "right_shoulder_roll": -0.050663948, 
            "right_elbow_yaw": -1.0370259, 
            "right_elbow_roll": 0.101285934, 
            "right_wrist_yaw": 0.9541061, 
            "right_hip_roll": 0.033789873,
            "right_hip_pitch": 0.10426998, 
            "right_knee_pitch": 0.45717406, 
            "right_ankle_pitch": -0.55066395, 
            "right_ankle_roll": -0.03063798, 
            "left_hand": 0.04519999, 
            "right_hand": 0.18400002
        }
        },
        {
        "duration": 1.0,
        "target_position": {
            "head_yaw": -0.042994022, 
            "head_pitch": 0.5123141, 
            "left_shoulder_pitch": 1.6029881, 
            "left_shoulder_roll": 0.03063798, 
            "left_elbow_yaw": 1.4419181, 
            "left_elbow_roll": -0.041376114, 
            "left_wrist_yaw": -1.7027822, 
            "left_hip_yaw_pitch": -0.050580025, 
            "left_hip_roll": -0.050580025, 
            "left_hip_pitch": -0.13648415, 
            "left_knee_pitch": 0.9264941, 
            "left_ankle_pitch": -0.661196, 
            "left_ankle_roll": 0.003109932, 
            "right_shoulder_pitch": 1.624548, 
            "right_shoulder_roll": -0.06293607, 
            "right_elbow_yaw": -1.035492, 
            "right_elbow_roll": 0.101285934, 
            "right_wrist_yaw": 0.9541061, 
            "right_hip_roll": 0.044528008, 
            "right_hip_pitch": 0.026036024, 
            "right_knee_pitch": 0.50165987, 
            "right_ankle_pitch": -0.55219793, 
            "right_ankle_roll": -0.03063798, 
            "left_hand": 0.04519999, 
            "right_hand": 0.18400002
        }
        }
    ]
}