{
    "joint_stifness": 0.8,
    "chest_angle_bound_upper": -0.4,
    "chest_angle_bound_lower": 0.4,
    "fail_routine":"Retry",
    "exit_wait_time": 0.0,
    "entry_conditions": [],
    "keyframes": [
        {
            "duration": 0.5,
            "target_position": {
                "head_yaw": -0.004643917, 
                "head_pitch": 0.03984213,
                "left_shoulder_pitch": 2.124548, 
                "left_shoulder_roll": -0.20713186, 
                "left_elbow_yaw": -0.11509204, 
                "left_elbow_roll": -0.012229919, 
                "left_wrist_yaw": -1.4512062, 
                "left_hip_yaw_pitch": -0.1015759468, 
                "left_hip_roll": -0.0030260086, 
                "left_hip_pitch": -0.33283615, 
                "left_knee_pitch": 0.9203582, 
                "left_ankle_pitch": -0.59369993, 
                "left_ankle_roll": -0.0030260086, 
                "right_shoulder_pitch": 1.3024082, 
                "right_shoulder_roll": -0.60597205, 
                "right_elbow_yaw": -0.19792795, 
                "right_elbow_roll": 0.019984007, 
                "right_wrist_yaw": 0.18096995, 
                "right_hip_roll": 4.196167e-5, 
                "right_hip_pitch": -0.3267839, 
                "right_knee_pitch": 0.92657804, 
                "right_ankle_pitch": -0.58748007, 
                "right_ankle_roll": 4.196167e-5, 
                "left_hand": 0.01999998, 
                "right_hand": 0.020400047

            }
        }

    ]
}
