{
    "joint_stifness": 0.8,
    "chest_angle_bound_upper": -0.4,
    "chest_angle_bound_lower": 0.4,
    "fail_routine": "Retry",
    "exit_waittime": 0.3,
    "conditions": [],
    "keyframes": [
        {
            "duration": 0.8,
            "target_position": {
                "head_yaw": 0.0,
                "head_pitch": 0.3839724354387525,
                "left_shoulder_pitch": 1.918992042541504,
                "left_shoulder_roll": 0.12421202659606934,
                "left_elbow_yaw": 0.20244598388671875,
                "left_elbow_roll": -1.2578380107879639,
                "left_wrist_yaw": -0.052197933197021484,
                "left_hand": 0.0,
                "right_shoulder_pitch": 1.9620280265808105,
                "right_shoulder_roll": -0.26695799827575684,
                "right_elbow_yaw": -0.14883995056152344,
                "right_elbow_roll": 1.376039981842041,
                "right_wrist_yaw": 0.056715965270996094,
                "right_hand": 0.0,
                "left_hip_yaw_pitch": 0.0,
                "left_hip_roll": 0.0,
                "left_hip_pitch": -1.53588974175501,
                "left_knee_pitch": -0.08726646259971647,
                "left_ankle_pitch": 0.0,
                "left_ankle_roll": 0.0,
                "right_hip_yaw_pitch": 0.0,
                "right_hip_roll": 0.0,
                "right_hip_pitch": -1.53588974175501,
                "right_knee_pitch": -0.08726646259971647,
                "right_ankle_pitch": 0.0,
                "right_ankle_roll": 0.0
            }
        },
        {
            "duration": 0.2,
            "COMMENT": "THIS IS A SMALL WAITING BLOCK INSIDE THE MOTION, it has the same joint values as he previous motion",
            "target_position": {
                "head_yaw": 0.0,
                "head_pitch": 0.3839724354387525,
                "left_shoulder_pitch": 1.918992042541504,
                "left_shoulder_roll": 0.12421202659606934,
                "left_elbow_yaw": 0.20244598388671875,
                "left_elbow_roll": -1.2578380107879639,
                "left_wrist_yaw": -0.052197933197021484,
                "left_hand": 0.0,
                "right_shoulder_pitch": 1.9620280265808105,
                "right_shoulder_roll": -0.26695799827575684,
                "right_elbow_yaw": -0.14883995056152344,
                "right_elbow_roll": 1.376039981842041,
                "right_wrist_yaw": 0.056715965270996094,
                "right_hand": 0.0,
                "left_hip_yaw_pitch": 0.0,
                "left_hip_roll": 0.0,
                "left_hip_pitch": -1.53588974175501,
                "left_knee_pitch": -0.08726646259971647,
                "left_ankle_pitch": 0.0,
                "left_ankle_roll": 0.0,
                "right_hip_yaw_pitch": 0.0,
                "right_hip_roll": 0.0,
                "right_hip_pitch": -1.53588974175501,
                "right_knee_pitch": -0.08726646259971647,
                "right_ankle_pitch": 0.0,
                "right_ankle_roll": 0.0
            }
        },
        {
            "duration": 0.4,
            "target_position": {
                "head_yaw": 0.0,
                "head_pitch": 0.3839724354387525,
                "left_shoulder_pitch": 1.918992042541504,
                "left_shoulder_roll": 0.12421202659606934,
                "left_elbow_yaw": 0.20244598388671875,
                "left_elbow_roll": -1.2578380107879639,
                "left_wrist_yaw": -0.052197933197021484,
                "left_hand": 0.0,
                "right_shoulder_pitch": 1.9620280265808105,
                "right_shoulder_roll": -0.26695799827575684,
                "right_elbow_yaw": -0.14883995056152344,
                "right_elbow_roll": 1.376039981842041,
                "right_wrist_yaw": 0.056715965270996094,
                "right_hand": 0.0,
                "left_hip_yaw_pitch": 0.0,
                "left_hip_roll": 0.22689280275926282,
                "left_hip_pitch": -0.2792526803190927,
                "left_knee_pitch": -0.08726646259971647,
                "left_ankle_pitch": 1.0471975511965976,
                "left_ankle_roll": 0.08726646259971647,
                "right_hip_yaw_pitch": 0.0,
                "right_hip_roll": -0.22689280275926282,
                "right_hip_pitch": -0.2792526803190927,
                "right_knee_pitch": -0.08726646259971647,
                "right_ankle_pitch": 1.0471975511965976,
                "right_ankle_roll": -0.08726646259971647
            }
        },
        {
            "duration": 0.7,
            "target_position": {
                "head_yaw": 0.0,
                "head_pitch": 0.3839724354387525,
                "left_shoulder_pitch": 1.918992042541504,
                "left_shoulder_roll": 0.12421202659606934,
                "left_elbow_yaw": 0.20244598388671875,
                "left_elbow_roll": -1.2578380107879639,
                "left_wrist_yaw": -0.052197933197021484,
                "left_hand": 0.0,
                "right_shoulder_pitch": 1.9620280265808105,
                "right_shoulder_roll": -0.26695799827575684,
                "right_elbow_yaw": -0.14883995056152344,
                "right_elbow_roll": 1.376039981842041,
                "right_wrist_yaw": 0.056715965270996094,
                "right_hand": 0.0,
                "left_hip_yaw_pitch": 0.0,
                "left_hip_roll": 0.0,
                "left_hip_pitch": -1.3962634015954636,
                "left_knee_pitch": -0.08726646259971647,
                "left_ankle_pitch": 0.0,
                "left_ankle_roll": 0.0,
                "right_hip_yaw_pitch": 0.0,
                "right_hip_roll": 0.0,
                "right_hip_pitch": -1.3962634015954636,
                "right_knee_pitch": -0.08726646259971647,
                "right_ankle_pitch": 0.0,
                "right_ankle_roll": 0.0
            }
        }
    ]
}