{
    "initial_position": {
    "head_yaw": -0.0153820515,
    "head_pitch": 0.49237204,
    "left_shoulder_pitch": 0.8636,
    "left_shoulder_roll": 0.29141808,
    "left_elbow_yaw": -0.041460037,
    "left_elbow_roll": -0.035239935,
    "left_wrist_yaw": -1.8086281,
    "left_hip_yaw_pitch": 0.0,
    "left_hip_roll": -0.11961007,
    "left_hip_pitch": -1.5554341,
    "left_knee_pitch": 2.139888,
    "left_ankle_pitch": -1.2180381,
    "left_ankle_roll": 0.079809904,
    "right_shoulder_pitch": 0.81306195,
    "right_shoulder_roll": -0.18565607,
    "right_elbow_yaw": 0.4110701,
    "right_elbow_roll": 0.10588789,
    "right_wrist_yaw": 1.2992561,
    "right_hip_yaw_pitch": 0.0,
    "right_hip_roll": 0.12122798,
    "right_hip_pitch": -1.5355759,
    "right_knee_pitch": 2.1292338,
    "right_ankle_pitch": -1.2118181,
    "right_ankle_roll": -0.053647995,
    "left_hand": 0.034800053,
    "right_hand": 0.18239999
    },
    "movements": [
      {
        "duration": 0.5,
        "target_position": {
          "head_yaw": -0.0153820515,
          "head_pitch": 0.49237204,
          "left_shoulder_pitch": 0.8636,
          "left_shoulder_roll": 0.29141808,
          "left_elbow_yaw": -0.041460037,
          "left_elbow_roll": -0.035239935,
          "left_wrist_yaw": -1.8086281,
          "left_hip_yaw_pitch": 0.0,
          "left_hip_roll": -0.11961007,
          "left_hip_pitch": -1.5554341,
          "left_knee_pitch": 2.139888,
          "left_ankle_pitch": -1.2180381,
          "left_ankle_roll": 0.079809904,
          "right_shoulder_pitch": 0.81306195,
          "right_shoulder_roll": -0.18565607,
          "right_elbow_yaw": 0.4110701,
          "right_elbow_roll": 0.10588789,
          "right_wrist_yaw": 1.2992561,
          "right_hip_yaw_pitch": 0.0,
          "right_hip_roll": 0.12122798,
          "right_hip_pitch": -1.5355759,
          "right_knee_pitch": 2.1292338,
          "right_ankle_pitch": -1.2118181,
          "right_ankle_roll": -0.053647995,
          "left_hand": 0.034800053,
          "right_hand": 0.18239999
        }
      }
    ]
  }
