{
    "initial_position": {
        "head_yaw": 0.0045599937,
        "head_pitch": 0.0030260086,
        "left_shoulder_pitch": 1.5953181,
        "left_shoulder_roll": 0.16102815,
        "left_elbow_yaw": -0.047595978,
        "left_elbow_roll": -0.21011615,
        "left_wrist_yaw": -1.8515801,
        "left_hip_yaw_pitch": 0.019984007,
        "left_hip_roll": -0.059783936,
        "left_hip_pitch": -0.19477606,
        "left_knee_pitch": 0.691792,
        "left_ankle_pitch": -0.30837607,
        "left_ankle_roll": 0.09668398,
        "right_shoulder_pitch": 1.6398878,
        "right_shoulder_roll": -0.06600404,
        "right_elbow_yaw": 0.40800214,
        "right_elbow_roll": 0.046061993,
        "right_wrist_yaw": 1.5109481,
        "right_hip_yaw_pitch": 0.019984007,
        "right_hip_roll": 0.055265903,
        "right_hip_pitch": -0.046061993,
        "right_knee_pitch": 0.414222,
        "right_ankle_pitch": -0.299088,
        "right_ankle_roll": -0.096600056,
        "left_hand": 0.0352,
        "right_hand": 0.18239999
    },
    "movements": [

    ]
  }
  