{
    "joint_stifness": 0.5,
    "fail_routine":"Abort",
    "exit_wait_time": 0.0,
    "entry_conditions": [],
    "keyframes": [
        {
            "duration": 0.5,
            "target_position": {
                "head_yaw": 0.0,
                "head_pitch": 0.3839724354387525,
                "left_shoulder_pitch": 1.4311699866353502,
                "left_shoulder_roll": 0.22689280275926282,
                "left_elbow_yaw": -1.4660765716752369,
                "left_elbow_roll": -0.20943951023931953,
                "left_wrist_yaw": -1.5707963267948966,
                "left_hand": 0.0,
                "right_shoulder_pitch": 1.3089969389957472,
                "right_shoulder_roll": -0.12217304763960307,
                "right_elbow_yaw": 1.7278759594743864,
                "right_elbow_roll": -0.12217304763960307,
                "right_wrist_yaw": 1.5707963267948966,
                "right_hand": 0.0,
                "left_hip_yaw_pitch": 0.0,
                "left_hip_roll": -0.06981317007977318,
                "left_hip_pitch": -0.9250245035569946,
                "left_knee_pitch": 2.111848394913139,
                "left_ankle_pitch": -1.1693705988362009,
                "left_ankle_roll": 0.03490658503988659,
                "right_hip_yaw_pitch": 0.0,
                "right_hip_roll": 0.10471975511965977,
                "right_hip_pitch": -0.9075712110370513,
                "right_knee_pitch": 2.111848394913139,
                "right_ankle_pitch": -1.1693705988362009,
                "right_ankle_roll": -0.08726646259971647
            }
        }
    ]
}