{
    "joint_stifness": 0.8,
    "chest_angle_bound_upper": -0.4,
    "chest_angle_bound_lower": 0.4,
    "fail_routine":"Retry",
    "exit_waittime": 0.0,
    "conditions": [],
    "keyframes": [
        {
            "duration": 0.7,
            "target_position": {
                "head_yaw": 0.0,
                "head_pitch": 0.3839724354387525,
                "left_shoulder_pitch": 1.7453292519943295,
                "left_shoulder_roll": 0.3665191429188092,
                "left_elbow_yaw": -1.48352986419518,
                "left_elbow_roll": -0.2617993877991494,
                "left_wrist_yaw": -1.5707963267948966,
                "left_hand": 0.0,
                "right_shoulder_pitch": 1.8675022996339325,
                "right_shoulder_roll": -0.3490658503988659,
                "right_elbow_yaw": 1.7278759594743864,
                "right_elbow_roll": -0.15707963267948966,
                "right_wrist_yaw": 1.5707963267948966,
                "right_hand": 0.0,
                "left_hip_yaw_pitch": -1.1344640137963142,
                "left_hip_roll": 0.06981317007977318,
                "left_hip_pitch": -0.5585053606381855,
                "left_knee_pitch": 2.111848394913139,
                "left_ankle_pitch": -1.0122909661567112,
                "left_ankle_roll": 0.17453292519943295,
                "right_hip_yaw_pitch": -1.1344640137963142,
                "right_hip_roll": -0.2617993877991494,
                "right_hip_pitch": -0.3141592653589793,
                "right_knee_pitch": -0.08726646259971647,
                "right_ankle_pitch": 0.9250245035569946,
                "right_ankle_roll": 0.06981317007977318
            }
        },
        {
            "duration": 0.5,
            "target_position": {
                "head_yaw": 0.0,
                "head_pitch": 0.3839724354387525,
                "left_shoulder_pitch": 1.5707963267948966,
                "left_shoulder_roll": 0.3665191429188092,
                "left_elbow_yaw": -1.48352986419518,
                "left_elbow_roll": -0.2617993877991494,
                "left_wrist_yaw": -1.5707963267948966,
                "left_hand": 0.0,
                "right_shoulder_pitch": 1.7278759594743864,
                "right_shoulder_roll": 0.0,
                "right_elbow_yaw": 1.7278759594743864,
                "right_elbow_roll": -0.15707963267948966,
                "right_wrist_yaw": 1.5707963267948966,
                "right_hand": 0.0,
                "left_hip_yaw_pitch": -0.7592182246175333,
                "left_hip_roll": 0.20943951023931953,
                "left_hip_pitch": -0.9599310885968813,
                "left_knee_pitch": 2.111848394913139,
                "left_ankle_pitch": -0.9773843811168246,
                "left_ankle_roll": 0.15707963267948966,
                "right_hip_yaw_pitch": -0.7592182246175333,
                "right_hip_roll": 0.23561944901923448,
                "right_hip_pitch": -0.767944870877505,
                "right_knee_pitch": 1.6580627893946132,
                "right_ankle_pitch": -0.2792526803190927,
                "right_ankle_roll": 0.2617993877991494
            }
        },
        {
            "duration": 0.4,
            "target_position": {
                "head_yaw": 0.0,
                "head_pitch": 0.3839724354387525,
                "left_shoulder_pitch": 1.5184364492350666,
                "left_shoulder_roll": 0.33161255787892263,
                "left_elbow_yaw": -1.48352986419518,
                "left_elbow_roll": -0.24434609527920614,
                "left_wrist_yaw": -1.5707963267948966,
                "left_hand": 0.0,
                "right_shoulder_pitch": 1.413716694115407,
                "right_shoulder_roll": -0.19198621771937624,
                "right_elbow_yaw": 1.7278759594743864,
                "right_elbow_roll": -0.13962634015954636,
                "right_wrist_yaw": 1.5707963267948966,
                "right_hand": 0.0,
                "left_hip_yaw_pitch": -0.5759586531581287,
                "left_hip_roll": -0.12217304763960307,
                "left_hip_pitch": -1.0471975511965976,
                "left_knee_pitch": 2.111848394913139,
                "left_ankle_pitch": -0.8552113334772213,
                "left_ankle_roll": 0.1308996938995747,
                "right_hip_yaw_pitch": -0.5759586531581287,
                "right_hip_roll": 0.15707963267948966,
                "right_hip_pitch": -0.9948376736367678,
                "right_knee_pitch": 2.111848394913139,
                "right_ankle_pitch": -0.890117918517108,
                "right_ankle_roll": -0.15707963267948966
            }
        },
        {
            "duration": 0.4,
            "COMMENT": "THIS IS A SMALL WAITING BLOCK INSIDE THE MOTION, it has the same joint values as he previous motion",
            "target_position": {
                "head_yaw": 0.0,
                "head_pitch": 0.3839724354387525,
                "left_shoulder_pitch": 1.5184364492350666,
                "left_shoulder_roll": 0.33161255787892263,
                "left_elbow_yaw": -1.48352986419518,
                "left_elbow_roll": -0.24434609527920614,
                "left_wrist_yaw": -1.5707963267948966,
                "left_hand": 0.0,
                "right_shoulder_pitch": 1.413716694115407,
                "right_shoulder_roll": -0.19198621771937624,
                "right_elbow_yaw": 1.7278759594743864,
                "right_elbow_roll": -0.13962634015954636,
                "right_wrist_yaw": 1.5707963267948966,
                "right_hand": 0.0,
                "left_hip_yaw_pitch": -0.5759586531581287,
                "left_hip_roll": -0.12217304763960307,
                "left_hip_pitch": -1.0471975511965976,
                "left_knee_pitch": 2.111848394913139,
                "left_ankle_pitch": -0.8552113334772213,
                "left_ankle_roll": 0.1308996938995747,
                "right_hip_yaw_pitch": -0.5759586531581287,
                "right_hip_roll": 0.15707963267948966,
                "right_hip_pitch": -0.9948376736367678,
                "right_knee_pitch": 2.111848394913139,
                "right_ankle_pitch": -0.890117918517108,
                "right_ankle_roll": -0.15707963267948966
            }
        },
        {
            "duration": 0.2,
            "target_position": {
                "head_yaw": 0.0,
                "head_pitch": 0.3839724354387525,
                "left_shoulder_pitch": 1.4311699866353502,
                "left_shoulder_roll": 0.22689280275926282,
                "left_elbow_yaw": -1.4660765716752369,
                "left_elbow_roll": -0.20943951023931953,
                "left_wrist_yaw": -1.5707963267948966,
                "left_hand": 0.0,
                "right_shoulder_pitch": 1.3089969389957472,
                "right_shoulder_roll": -0.12217304763960307,
                "right_elbow_yaw": 1.7278759594743864,
                "right_elbow_roll": -0.12217304763960307,
                "right_wrist_yaw": 1.5707963267948966,
                "right_hand": 0.0,
                "left_hip_yaw_pitch": 0.0,
                "left_hip_roll": -0.06981317007977318,
                "left_hip_pitch": -0.9250245035569946,
                "left_knee_pitch": 2.111848394913139,
                "left_ankle_pitch": -1.1693705988362009,
                "left_ankle_roll": 0.03490658503988659,
                "right_hip_yaw_pitch": 0.0,
                "right_hip_roll": 0.10471975511965977,
                "right_hip_pitch": -0.9075712110370513,
                "right_knee_pitch": 2.111848394913139,
                "right_ankle_pitch": -1.1693705988362009,
                "right_ankle_roll": -0.08726646259971647
            }
        },
        {
            "duration": 0.2,
            "target_position": {
                "head_yaw": 0.0,
                "head_pitch": 0.3839724354387525,
                "left_shoulder_pitch": 1.4311699866353502,