{
    "joint_stifness": 0.8,
    "chest_angle_bound_upper": -0.4,
    "chest_angle_bound_lower": 0.4,
    "exit_waittime": 0.0,
    "fail_routine":"Retry",
    "conditions": [],
    "keyframes": [
        {
            "duration": 0.6,
            "target_position": {
                "head_yaw": 0.0,
                "head_pitch": -0.672,
                "left_shoulder_pitch": -0.017453292519943295,
                "left_shoulder_roll": 1.1519173063162575,
                "left_elbow_yaw": -1.5184364492350666,
                "left_elbow_roll": -0.029670597283903602,
                "left_wrist_yaw": -1.5707963267948966,
                "left_hand": 0.0,
                "right_shoulder_pitch": 0.017453292519943295,
                "right_shoulder_roll": -1.1519173063162575,
                "right_elbow_yaw": 1.5184364492350666,
                "right_elbow_roll": 0.029670597283903602,
                "right_wrist_yaw": 1.5707963267948966,
                "right_hand": 0.0,
                "left_hip_yaw_pitch": 0.0,
                "left_hip_roll": 0.0,
                "left_hip_pitch": 0.0,
                "left_knee_pitch": 0.0,
                "left_ankle_pitch": 1.0471975511965976,
                "left_ankle_roll": 0.0,
                "right_hip_yaw_pitch": 0.0,
                "right_hip_roll": 0.0,
                "right_hip_pitch": 0.0,
                "right_knee_pitch": 0.0,
                "right_ankle_pitch": 1.0471975511965976,
                "right_ankle_roll": 0.0
            }
        },
        {
            "duration": 0.45,
            "target_position": {
                "head_yaw": 0.0,
                "head_pitch": -0.672,
                "left_shoulder_pitch": 1.8814649336498872,
                "left_shoulder_roll": 1.2985249634837812,
                "left_elbow_yaw": -0.6230825429619757,
                "left_elbow_roll": -1.3997540600994522,
                "left_wrist_yaw": -1.5707963267948966,
                "left_hand": 0.0,
                "right_shoulder_pitch": 1.7208946424664089,
                "right_shoulder_roll": -1.286307658719821,
                "right_elbow_yaw": 0.0890117918517108,
                "right_elbow_roll": 1.281071670963838,
                "right_wrist_yaw": 1.5707963267948966,
                "right_hand": 0.0,
                "left_hip_yaw_pitch": -1.1833332328521553,
                "left_hip_roll": 0.6841690667817772,
                "left_hip_pitch": 0.4886921905584123,
                "left_knee_pitch": -0.11868238913561441,
                "left_ankle_pitch": -0.19896753472735357,
                "left_ankle_roll": 0.6143558967020041,
                "right_hip_yaw_pitch": -1.1833332328521553,
                "right_hip_roll": -0.7539822368615504,
                "right_hip_pitch": 0.49567350756638956,
                "right_knee_pitch": -0.10122909661567112,
                "right_ankle_pitch": -0.15707963267948966,
                "right_ankle_roll": -0.62482787221397
            }
        },
        {
            "duration": 0.2727272727,
            "target_position": {
                "head_yaw": 0.0,
                "head_pitch": 0.0,
                "left_shoulder_pitch": 2.038544566329377,
                "left_shoulder_roll": -0.006981317007977318,
                "left_elbow_yaw": 1.9373154697137058,
                "left_elbow_roll": -1.556833692778942,
                "left_wrist_yaw": -1.5707963267948966,
                "left_hand": 0.0,
                "right_shoulder_pitch": 2.1101030656611446,
                "right_shoulder_roll": 0.3490658503988659,
                "right_elbow_yaw": -1.319468914507713,
                "right_elbow_roll": 1.5585790220309363,
                "right_wrist_yaw": 1.5707963267948966,
                "right_hand": 0.0,
                "left_hip_yaw_pitch": -1.192059879112127,
                "left_hip_roll": 0.7243116395776468,
                "left_hip_pitch": -1.5376350710070041,
                "left_knee_pitch": -0.06632251157578452,
                "left_ankle_pitch": 0.19373154697137057,
                "left_ankle_roll": 0.5654866776461628,
                "right_hip_yaw_pitch": -1.192059879112127,
                "right_hip_roll": -0.8045967851693859,
                "right_hip_pitch": 0.4520402762665313,
                "right_knee_pitch": -0.08203047484373349,
                "right_ankle_pitch": 0.2984513020910304,
                "right_ankle_roll": -0.5427973973702365
            }
        },
        {
            "duration": 0.272727,
            "target_position": {
                "head_yaw": 0.0,
                "head_pitch": -0.672,
                "left_shoulder_pitch": 2.069960492865275,
                "left_shoulder_roll": -0.006981317007977318,
                "left_elbow_yaw": 1.9477874452256716,
                "left_elbow_roll": -1.5585790220309363,
                "left_wrist_yaw": -1.5707963267948966,
                "left_hand": 0.0,
                "right_shoulder_pitch": 2.117084382669122,
                "right_shoulder_roll": 0.3490658503988659,
                "right_elbow_yaw": -1.3159782560037245,
                "right_elbow_roll": 1.5585790220309363,
                "right_wrist_yaw": 1.5707963267948966,
                "right_hand": 0.0,
                "left_hip_yaw_pitch": -1.202531854624093,
                "left_hip_roll": 0.6998770300497261,
                "left_hip_pitch": -1.5917402778188285,
                "left_knee_pitch": -0.11519173063162574,
                "left_ankle_pitch": 0.19024088846738194,
                "left_ankle_roll": 0.5689773361501514,
                "right_hip_yaw_pitch": -1.202531854624093,
                "right_hip_roll": -0.6841690667817772,
                "right_hip_pitch": -1.6126842288427605,
                "right_knee_pitch": 2.1275563581810877,
                "right_ankle_pitch": 0.23736477827122882,
                "right_ankle_roll": -0.5375614096142535
            }
        },
        {
            "duration": 0.554545455,
            "target_position": {
                "head_yaw": 0.0,
                "head_pitch": 0.0,
                "left_shoulder_pitch": 2.080432468377241,
                "left_shoulder_roll": -0.006981317007977318,
                "left_elbow_yaw": 1.9512781037296605,
                "left_elbow_roll": -1.5585790220309363,
                "left_wrist_yaw": -1.5707963267948966,
                "left_hand": 0.0,
                "right_shoulder_pitch": 2.090904443889207,
                "right_shoulder_roll": 0.3490658503988659,
                "right_elbow_yaw": -1.3159782560037245,
                "right_elbow_roll": 1.5550883635269475,
                "right_wrist_yaw": 1.5707963267948966,
                "right_hand": 0.0,
                "left_hip_yaw_pitch": -1.2095131716320704,
                "left_hip_roll": 0.7347836150896128,
                "left_hip_pitch": -1.5934856070708228,
                "left_knee_pitch": -0.12217304763960307,
                "left_ankle_pitch": 0.20769418098732523,
                "left_ankle_roll": 0.5672320068981571,
                "right_hip_yaw_pitch": -1.2095131716320704,
                "right_hip_roll": -0.7923794804054256,
                "right_hip_pitch": -1.610938899590766,
                "right_knee_pitch": -0.12217304763960307,
                "right_ankle_pitch": 0.2565634000431664,
                "right_ankle_roll": -0.40317105721069013
            }
        }
    ]
}
